sign_order,sign_id,sign_name_fr,element_number,element_name,official_content
,belier,Bélier,1,Couleur,
,belier,Bélier,2,Planète,
,belier,Bélier,3,Pierre,
,belier,Bélier,4,Meilleur partenaire,
,belier,Bélier,5,Pire partenaire,
,belier,Bélier,6,Nature / طبعة,
,belier,Bélier,7,Jour,
,belier,Bélier,8,L’AUMÔNE,
,belier,Bélier,9,Parfum,
,belier,Bélier,10,Chapitre astrologique,
,belier,Bélier,11,Noms d’Allah préférés,
,belier,Bélier,12,Encens,
,taureau,Taureau,1,Couleur,
,taureau,Taureau,2,Planète,
,taureau,Taureau,3,Pierre,
,taureau,Taureau,4,Meilleur partenaire,
,taureau,Taureau,5,Pire partenaire,
,taureau,Taureau,6,Nature / طبعة,
,taureau,Taureau,7,Jour,
,taureau,Taureau,8,L’AUMÔNE,
,taureau,Taureau,9,Parfum,
,taureau,Taureau,10,Chapitre astrologique,
,taureau,Taureau,11,Noms d’Allah préférés,
,taureau,Taureau,12,Encens,
,gemeaux,Gémeaux,1,Couleur,
,gemeaux,Gémeaux,2,Planète,
,gemeaux,Gémeaux,3,Pierre,
,gemeaux,Gémeaux,4,Meilleur partenaire,
,gemeaux,Gémeaux,5,Pire partenaire,
,gemeaux,Gémeaux,6,Nature / طبعة,
,gemeaux,Gémeaux,7,Jour,
,gemeaux,Gémeaux,8,L’AUMÔNE,
,gemeaux,Gémeaux,9,Parfum,
,gemeaux,Gémeaux,10,Chapitre astrologique,
,gemeaux,Gémeaux,11,Noms d’Allah préférés,
,gemeaux,Gémeaux,12,Encens,
,cancer,Cancer,1,Couleur,
,cancer,Cancer,2,Planète,
,cancer,Cancer,3,Pierre,
,cancer,Cancer,4,Meilleur partenaire,
,cancer,Cancer,5,Pire partenaire,
,cancer,Cancer,6,Nature / طبعة,
,cancer,Cancer,7,Jour,
,cancer,Cancer,8,L’AUMÔNE,
,cancer,Cancer,9,Parfum,
,cancer,Cancer,10,Chapitre astrologique,
,cancer,Cancer,11,Noms d’Allah préférés,
,cancer,Cancer,12,Encens,
,lion,Lion,1,Couleur,
,lion,Lion,2,Planète,
,lion,Lion,3,Pierre,
,lion,Lion,4,Meilleur partenaire,
,lion,Lion,5,Pire partenaire,
,lion,Lion,6,Nature / طبعة,
,lion,Lion,7,Jour,
,lion,Lion,8,L’AUMÔNE,
,lion,Lion,9,Parfum,
,lion,Lion,10,Chapitre astrologique,
,lion,Lion,11,Noms d’Allah préférés,
,lion,Lion,12,Encens,
,vierge,Vierge,1,Couleur,
,vierge,Vierge,2,Planète,
,vierge,Vierge,3,Pierre,
,vierge,Vierge,4,Meilleur partenaire,
,vierge,Vierge,5,Pire partenaire,
,vierge,Vierge,6,Nature / طبعة,
,vierge,Vierge,7,Jour,
,vierge,Vierge,8,L’AUMÔNE,
,vierge,Vierge,9,Parfum,
,vierge,Vierge,10,Chapitre astrologique,
,vierge,Vierge,11,Noms d’Allah préférés,
,vierge,Vierge,12,Encens,
,balance,Balance,1,Couleur,
,balance,Balance,2,Planète,
,balance,Balance,3,Pierre,
,balance,Balance,4,Meilleur partenaire,
,balance,Balance,5,Pire partenaire,
,balance,Balance,6,Nature / طبعة,
,balance,Balance,7,Jour,
,balance,Balance,8,L’AUMÔNE,
,balance,Balance,9,Parfum,
,balance,Balance,10,Chapitre astrologique,
,balance,Balance,11,Noms d’Allah préférés,
,balance,Balance,12,Encens,
,scorpion,Scorpion,1,Couleur,
,scorpion,Scorpion,2,Planète,
,scorpion,Scorpion,3,Pierre,
,scorpion,Scorpion,4,Meilleur partenaire,
,scorpion,Scorpion,5,Pire partenaire,
,scorpion,Scorpion,6,Nature / طبعة,
,scorpion,Scorpion,7,Jour,
,scorpion,Scorpion,8,L’AUMÔNE,
,scorpion,Scorpion,9,Parfum,
,scorpion,Scorpion,10,Chapitre astrologique,
,scorpion,Scorpion,11,Noms d’Allah préférés,
,scorpion,Scorpion,12,Encens,
,sagittaire,Sagittaire,1,Couleur,
,sagittaire,Sagittaire,2,Planète,
,sagittaire,Sagittaire,3,Pierre,
,sagittaire,Sagittaire,4,Meilleur partenaire,
,sagittaire,Sagittaire,5,Pire partenaire,
,sagittaire,Sagittaire,6,Nature / طبعة,
,sagittaire,Sagittaire,7,Jour,
,sagittaire,Sagittaire,8,L’AUMÔNE,
,sagittaire,Sagittaire,9,Parfum,
,sagittaire,Sagittaire,10,Chapitre astrologique,
,sagittaire,Sagittaire,11,Noms d’Allah préférés,
,sagittaire,Sagittaire,12,Encens,
,capricorne,Capricorne,1,Couleur,
,capricorne,Capricorne,2,Planète,
,capricorne,Capricorne,3,Pierre,
,capricorne,Capricorne,4,Meilleur partenaire,
,capricorne,Capricorne,5,Pire partenaire,
,capricorne,Capricorne,6,Nature / طبعة,
,capricorne,Capricorne,7,Jour,
,capricorne,Capricorne,8,L’AUMÔNE,
,capricorne,Capricorne,9,Parfum,
,capricorne,Capricorne,10,Chapitre astrologique,
,capricorne,Capricorne,11,Noms d’Allah préférés,
,capricorne,Capricorne,12,Encens,
,verseau,Verseau,1,Couleur,
,verseau,Verseau,2,Planète,
,verseau,Verseau,3,Pierre,
,verseau,Verseau,4,Meilleur partenaire,
,verseau,Verseau,5,Pire partenaire,
,verseau,Verseau,6,Nature / طبعة,
,verseau,Verseau,7,Jour,
,verseau,Verseau,8,L’AUMÔNE,
,verseau,Verseau,9,Parfum,
,verseau,Verseau,10,Chapitre astrologique,
,verseau,Verseau,11,Noms d’Allah préférés,
,verseau,Verseau,12,Encens,
,poissons,Poissons,1,Couleur,
,poissons,Poissons,2,Planète,
,poissons,Poissons,3,Pierre,
,poissons,Poissons,4,Meilleur partenaire,
,poissons,Poissons,5,Pire partenaire,
,poissons,Poissons,6,Nature / طبعة,
,poissons,Poissons,7,Jour,
,poissons,Poissons,8,L’AUMÔNE,
,poissons,Poissons,9,Parfum,
,poissons,Poissons,10,Chapitre astrologique,
,poissons,Poissons,11,Noms d’Allah préférés,
,poissons,Poissons,12,Encens,
